DEPARTAMENTO,MUNICIPIO,CAPACIDAD MW,TEMPERATURA MINIMA ANUAL,ELEVACIÓN (m),TEMPERATURA MEDIA ANUAL,PROMEDIO DE DIAS DE LLUVIA ANUAL,TEMPERATURA MAXIMA ANUAL
AMAZONAS,EL ENCANTO,,,,,191.11367132132045,
AMAZONAS,LA PEDRERA,,,,,216.04954151812333,
AMAZONAS,LETICIA,2.06216,22.748212578175735,84.0,26.068668637535154,206.37311212494404,31.011029752312567
AMAZONAS,MIRITI-PARANA,,,,,207.95399727888912,
AMAZONAS,PUERTO ALEGRIA,,,,,197.72625228603573,
AMAZONAS,PUERTO ARICA,,,,,174.18063322084143,
AMAZONAS,PUERTO NARINO,,,,,156.4149097563708,
AMAZONAS,SANTANDER,,,,,242.9,
AMAZONAS,TARAPACA,,,,,188.0657446728196,
ANTIOQUIA,ABEJORRAL,,,,,177.84787217639126,
ANTIOQUIA,ABRIAQUI,,,,,200.6370112242501,
ANTIOQUIA,ALEJANDRIA,,15.100352441090989,1712.0,19.617907118709805,244.2112147266314,24.708828320388704
ANTIOQUIA,AMALFI,,,,,188.7290898076322,
ANTIOQUIA,ANDES,,16.78680933224651,,,199.08731882369804,28.586896571693035
ANTIOQUIA,ANGOSTURA,,,,,150.306806923919,
ANTIOQUIA,ANORI,,15.584200129112402,,,211.34108213462832,
ANTIOQUIA,ANZA,,,,,142.45714696223314,
ANTIOQUIA,APARTADO,0.44,23.464577144026915,,,165.28819112032548,31.511088434559955
ANTIOQUIA,ARBOLETES,,,,,68.84871562576674,
ANTIOQUIA,ARMENIA,,,,,174.86293268595585,
ANTIOQUIA,BELLO,,17.38542069151886,,,162.0092077175698,
ANTIOQUIA,BELMIRA,,,,,223.99189897267485,
ANTIOQUIA,BETULIA,,,,,141.44955549421513,
ANTIOQUIA,BRICENO,,,,,241.46218409376107,
ANTIOQUIA,CACERES,,,,,148.04674565426646,
ANTIOQUIA,CAICEDO,,,,,141.18961891340408,
ANTIOQUIA,CALDAS,,,,,212.49425974545434,23.43845551807156
ANTIOQUIA,CANASGORDAS,,16.41769803468992,,,185.47154280946705,27.153777712874156
ANTIOQUIA,CARAMANTA,,,,,170.11158530296777,
ANTIOQUIA,CAREPA,,23.57527639470455,,,170.22143450100344,31.492227119182477
ANTIOQUIA,CARMEN DE VIBORAL,,,,,198.0066502463054,
ANTIOQUIA,CAUCASIA,,,,,153.29560616453574,
ANTIOQUIA,CHIGORODO,,,,,157.45981172195394,
ANTIOQUIA,CIUDAD BOLIVAR,,13.37543861546972,2018.0,16.935975429583692,213.72368595018042,21.3281881441749
ANTIOQUIA,COCORNA,,,,,244.00090654077724,
ANTIOQUIA,CONCEPCION,,,,,211.01434318555005,
ANTIOQUIA,CONCORDIA,,14.524308257451324,,,179.26742848630275,23.700405650431946
ANTIOQUIA,DABEIBA,,,,,122.12436620026968,
ANTIOQUIA,EL CARMEN DE VIBORAL,0.072,,,,,
ANTIOQUIA,ENTRERRIOS,,,,,192.87154229763425,
ANTIOQUIA,FREDONIA,,,,,198.59327380952377,
ANTIOQUIA,FRONTINO,,15.495032460360804,1396.0,20.31791337496424,171.460457080573,25.656847367400687
ANTIOQUIA,GIRALDO,,,,,149.29037698412696,
ANTIOQUIA,GIRARDOTA,4.586,,,,160.02453270388617,
ANTIOQUIA,GOMEZ PLATA,,,,,183.03205969105392,
ANTIOQUIA,GRANADA,,,,,249.6504770242946,
ANTIOQUIA,GUARNE,0.8502,,,,,
ANTIOQUIA,HELICONIA,,,,,195.2959058565955,
ANTIOQUIA,ITAGUI,0.97868,,,,,
ANTIOQUIA,ITUANGO,,,,,193.60601081950816,
ANTIOQUIA,JERICO,,,,,163.63659688013138,
ANTIOQUIA,LA ESTRELLA,0.0273,,,,,
ANTIOQUIA,LA PINTADA,,,,,157.75792786578893,
ANTIOQUIA,LA UNION,9.9,9.908188654394928,2408.0,14.865185763297928,249.1791057744937,20.446385583456784
ANTIOQUIA,LIBORINA,,,,,175.63747721511544,
ANTIOQUIA,MARINILLA,,,,,182.28306216931213,
ANTIOQUIA,MEDELLIN,22.51332,17.662649755942553,1490.0,23.05945009897806,198.378073648361,27.963917293098973
ANTIOQUIA,MONTEBELLO,,,,,185.98487285229857,
ANTIOQUIA,NECHI,,,,,121.96009168035029,
ANTIOQUIA,NECOCLI,,23.728740213632346,,,,
ANTIOQUIA,OLAYA,,,,,92.04078680897646,
ANTIOQUIA,PENOL,,13.27278990366239,1983.0,18.337066591390183,210.72720836950845,23.773580624899598
ANTIOQUIA,PUEBLORRICO,,,,,169.8300041050903,
ANTIOQUIA,PUERTO BERRIO,119.9,,,,134.2012681897967,
ANTIOQUIA,PUERTO NARE,200.0,,,,,
ANTIOQUIA,REMEDIOS,,20.00414922262562,643.0,25.024634062105715,152.0198385962696,
ANTIOQUIA,RETIRO,0.0017,,,,,
ANTIOQUIA,RIONEGRO,1.5035,12.689328793334807,2157.0,17.11422871600713,189.86815189703682,22.258069298514986
ANTIOQUIA,SABANALARGA,9.9,,,,161.0590080308778,
ANTIOQUIA,SALGAR,0.48,,,,156.17819452046467,
ANTIOQUIA,SAN ANDRES,,,,,168.26693950313205,
ANTIOQUIA,SAN CARLOS,200.0,17.22492389600237,1113.0,22.689461827902203,240.75685084243102,27.863109847945704
ANTIOQUIA,SAN FRANCISCO,,17.398641392870925,1325.0,21.84465626187323,239.27213706085536,25.750044794267627
ANTIOQUIA,SAN JERONIMO,,,,,105.75924111926885,
ANTIOQUIA,SAN JUAN DE URABA,,,,,91.60413486925573,
ANTIOQUIA,SAN RAFAEL,0.04968,,,,,
ANTIOQUIA,SAN ROQUE,,,859.0,23.84580179304689,197.46117131910236,
ANTIOQUIA,SAN VICENTE,,12.632646501733872,,,210.56689290632056,
ANTIOQUIA,SANTA FE DE ANTIOQUIA,,21.20038066473596,,,113.66177848227035,34.30326306406091
ANTIOQUIA,SANTA ROSA DE OSOS,,,,,185.23807608100714,
ANTIOQUIA,SANTAFE DE ANTIOQUIA,0.0028,,,,,
ANTIOQUIA,SANTO DOMINGO,,16.507097203445394,,,214.74623529290162,27.255120027780194
ANTIOQUIA,SANTUARIO,,,,,222.52505971142585,
ANTIOQUIA,SEGOVIA,,,,,163.65238942359113,
ANTIOQUIA,SONSON,19.9,,,,221.04670977011494,
ANTIOQUIA,TAMESIS,,18.620932159003093,1153.0,22.784668466332466,172.90471340388007,27.75477316275246
ANTIOQUIA,TARAZA,,,,,162.32789278546664,
ANTIOQUIA,TITIRIBI,,,,,152.6671226646073,
ANTIOQUIA,TOLEDO,,,,,174.64675313671,
ANTIOQUIA,TURBO,139.6081,,,,144.65859674329502,
ANTIOQUIA,URRAO,,,,,184.5429269293924,
ANTIOQUIA,VALDIVIA,,19.036373432817854,,,232.43933261874352,25.67677922172649
ANTIOQUIA,VEGACHI,,18.379838608896204,,,161.7599357554076,27.311177215943207
ANTIOQUIA,VENECIA,,,,,147.26345001847875,
ANTIOQUIA,VIGIA DEL FUERTE,,,,,135.45667228167525,
ANTIOQUIA,YARUMAL,,,,,211.5521112314327,
ANTIOQUIA,YOLOMBO,,,,,152.26365929312004,
ANTIOQUIA,YONDO,64.2,,,,105.6930945539135,
ANTIOQUIA,ZARAGOZA,,,,,170.22887631047112,
ARAUCA,ARAUCA,169.6,22.536926854802704,128.0,27.034004589442677,85.5907478594886,32.07154192855725
ARAUCA,ARAUQUITA,49.9,,,,107.69394704433495,
ARAUCA,CRAVO NORTE,,,,,115.58307077503399,
ARAUCA,TAME,9.9,,,,101.45185942212905,
ARCHIPIELAGO DE SAN ANDRES PROVIDENCIA Y SANTA CATALINA,SAN ANDRES,0.017,,,,,
ARCHIPIELAGO DE SAN ANDRES, PROVIDENCIA Y SANTA CATALINA,ISLA DE PROVIDENCIA,,,,,126.20148247115547
ARCHIPIELAGO DE SAN ANDRES, PROVIDENCIA Y SANTA CATALINA,ISLA DE SAN ANDRES,,25.863059312542585,1.0,27.68664739681293,107.66362355789784,29.89730952602358
ATLANTICO,BARANOA,118.783,,,,69.94480234226073,
ATLANTICO,BARRANQUILLA,57.4464,,,,,
ATLANTICO,CAMPO DE LA CRUZ,,,,,66.84379241926655,
ATLANTICO,CANDELARIA,19.9,,,,50.82134092539116,
ATLANTICO,GALAPA,71.3,,,,,
ATLANTICO,JUAN DE ACOSTA,19.92478,,,,71.9145566770939,32.77708347975822
ATLANTICO,LURUACO,19.98,,,,74.56296713096653,
ATLANTICO,MALAMBO,100.42,,,,,
ATLANTICO,MANATI,,23.953897131484823,,,78.02088657105948,34.65100979990695
ATLANTICO,PIOJO,,,,,79.20796953739878,
ATLANTICO,POLONUEVO,10.00494,,,,60.471422220818766,
ATLANTICO,PONEDERA,609.9,,,,52.22667563704919,
ATLANTICO,PUERTO COLOMBIA,0.0044,,,,32.850469159919214,
ATLANTICO,REPELON,0.15,,,,56.61611825700904,
ATLANTICO,SABANALARGA,690.15,,,,,
ATLANTICO,SANTA LUCIA,,,,,40.25126068376068,
ATLANTICO,SOLEDAD,1.147,24.505288321690454,14.0,29.400677351989845,61.121042227830486,32.768592733958464
ATLANTICO,SUAN,,,,,74.41152279976593,
ATLANTICO,TUBARA,38.0186,,,,60.56040236902305,
ATLANTICO,USIACURI,,,,,79.53680897908554,
BOLIVAR,ACHI,,,,,116.85925044898293,
BOLIVAR,ARENAL,,,,,84.03770663916907,
BOLIVAR,ARJONA,79.24000000000001,,,,58.50106916369401,
BOLIVAR,BARRANCO DE LOBA,,,,,89.43095069015848,
BOLIVAR,CALAMAR,29.88,,,,,
BOLIVAR,CANTAGALLO,1.8,,,,,
BOLIVAR,CARTAGENA,193.65649,,,,,
BOLIVAR,CARTAGENA DE INDIAS,,25.368400951156843,2.0,28.04211421972244,46.74779457561859,31.70787970636013
BOLIVAR,CICUCO,,,,,83.25892899609308,
BOLIVAR,CLEMENCIA,29.880000000000003,,,,,
BOLIVAR,CORDOBA,,,,,73.08086862162368,
BOLIVAR,EL CARMEN DE BOLIVAR,39.3,,,,94.45959354712657,
BOLIVAR,EL GUAMO,,,,,93.40298021613435,
BOLIVAR,HATILLO DE LOBA,,,,,78.68061060707909,
BOLIVAR,MAGANGUE,64.8,,,,91.58977446563652,
BOLIVAR,MAHATES,,,,,93.78042286100154,
BOLIVAR,MARGARITA,,,,,81.93120248738065,
BOLIVAR,MARIA LA BAJA,19.98,,,,101.7953253739358,
BOLIVAR,MOMPOS,9.9,,,,97.4549869769549,
BOLIVAR,PINILLOS,,,,,97.36544217013005,
BOLIVAR,REGIDOR,,,,,82.30234576589255,
BOLIVAR,SAN ESTANISLAO,11.99,,,,76.95532953966365,
BOLIVAR,SAN FERNANDO,,,,,66.88662204543596,
BOLIVAR,SAN JACINTO,99.98,,,,96.3638025404375,
BOLIVAR,SAN JUAN NEPOMUCENO,,,,,90.55385168577696,
BOLIVAR,SAN MARTIN DE LOBA,,,,,70.08350168922107,
BOLIVAR,SAN PABLO,,,,,99.66909060453351,33.06079363357314
BOLIVAR,SANTA ROSA,479.5,,,,,
BOLIVAR,SANTA ROSA DEL SUR,,17.69233464862372,650.0,25.282813723171277,112.85974488803537,29.587729249427014
BOLIVAR,TIQUISIO ,,,,,87.31618089764639,
BOLIVAR,TURBACO,0.031,,,,61.93813856960407,
BOLIVAR,TURBANA,108.5,,,,,
BOLIVAR,ZAMBRANO,74.38,,,,57.197544313923615,
BOYACA,ALMEIDA,,,,,169.70556583775445,
BOYACA,AQUITANIA,,,,,147.3447842040676,
BOYACA,ARCABUCO,9.9,,,,170.36638151230898,
BOYACA,BERBEO,,,,,175.52127912359725,
BOYACA,BOAVITA,14.25,11.498583740068257,,,161.7414154431247,24.156108678510577
BOYACA,CAMPOHERMOSO,,17.322858619176248,,,221.95972907976767,26.01091051721582
BOYACA,CHINAVITA,,,,,201.8628483082249,
BOYACA,CHIQUINQUIRA,80.0,,,,,
BOYACA,CHIQUIZA,,,,,116.49666856717144,
BOYACA,CHISCAS,,10.54425104379783,,,189.2862990232644,22.047948839621487
BOYACA,CHITA,,6.612695170714294,,,158.69978881256793,17.598147679167766
BOYACA,CHIVATA,,,,,75.62679133643829,
BOYACA,CHIVOR,,,,,226.25154929149173,
BOYACA,COMBITA,,,,,121.37123104658215,
BOYACA,COPER,,,,,181.00193018934792,
BOYACA,COVARACHIA,,,,,119.47891645014016,
BOYACA,DUITAMA,99.9,7.045647690027411,,,124.63020153969492,
BOYACA,EL COCUY,,,,,156.7036317466609,
BOYACA,FIRAVITOBA,20.0,,,,87.38262383689106,
BOYACA,FLORESTA,150.0,,,,,
BOYACA,GACHANTIVA,,,,,150.62824221920238,
BOYACA,GAMEZA,,,,,179.41155309250135,
BOYACA,GARAGOA,,,,,209.51636874615966,
BOYACA,GUAYATA,,,,,166.99993910782703,
BOYACA,GUICAN,,8.236116340576617,,,175.8212588491872,12.129365975712851
BOYACA,IZA,,,,,95.73686281859068,
BOYACA,LA UVITA,,8.59735115678877,,,126.79789184449476,
BOYACA,MACANAL,,,,,178.77596640577022,
BOYACA,MIRAFLORES,,,,,189.4309127905413,24.14697349931581
BOYACA,MONGUA,,,,,124.68256432679708,
BOYACA,MONGUI,,,,,97.70659688013134,
BOYACA,MONIQUIRA,0.11,,,,199.76289932619895,
BOYACA,MOTAVITA,,,,,91.46251759756515,
BOYACA,MUZO,,,,,172.22341364735436,
BOYACA,NOBSA,19.8,,,,135.50723522167488,
BOYACA,NUEVO COLON,,10.1369860005707,,,157.62898696804217,19.739633881998177
BOYACA,OICATA,34.59,,,,109.74509938988366,
BOYACA,OTANCHE,,18.756778880988737,,,201.0898305334512,26.5321234493794
BOYACA,PACHAVITA,,,,,164.70008740233493,
BOYACA,PAEZ,,,,,226.49120703938027,
BOYACA,PAIPA,4.2010000000000005,8.380968554952053,2700.0,12.21791575614511,132.85677681992334,22.01434751400554
BOYACA,PAJARITO,,,,,241.3115571897275,
BOYACA,PAUNA,,,,,185.21650018244844,
BOYACA,PESCA,9.9,,,,103.37808743325876,
BOYACA,PUERTO BOYACA,976.7,,,,124.64693565231613,
BOYACA,QUIPAMA,,17.722335486364518,,,209.89938055905782,
BOYACA,RAMIRIQUI,,,2200.0,16.373828039196553,159.01976967979246,
BOYACA,RAQUIRA,15.0,,,,91.09807985580278,
BOYACA,RONDON,,,,,215.74462537633022,
BOYACA,SABOYA,,,,,130.39803783440436,
BOYACA,SACHICA,9.9,,,,,
BOYACA,SAMACA,22.9,8.767494050412806,,,99.68552706427398,19.085522198733567
BOYACA,SAN LUIS DE GACENO,,,,,192.61697865353034,
BOYACA,SAN PABLO DE BORBUR,,,,,155.50460685139936,
BOYACA,SANTA MARIA,,,,,233.47416510956344,
BOYACA,SANTA ROSA DE VITERBO,,,,,128.5346359917332,
BOYACA,SANTA SOFIA,,11.226632470574058,2300.0,16.196116786817203,136.65502131255866,21.821295098583814
BOYACA,SANTANA,,,,,203.29004515599337,
BOYACA,SATIVANORTE,,9.7843180748086,,,,
BOYACA,SIACHOQUE,,,,,126.99100164727889,
BOYACA,SOCHA,,,,,147.976049417399,
BOYACA,SOCOTA,,3.50160704055302,,,238.58535076659808,
BOYACA,SOGAMOSO,9.0297,6.369698495633973,,,169.29871963648716,21.59170547130668
BOYACA,SOMONDOCO,,,,,121.27386215075275,
BOYACA,SORACA,9.9535,,,,87.95799147688638,
BOYACA,SOTAQUIRA,160.0,,,,137.8633753751203,
BOYACA,SUTATENZA,,14.074498473643766,,,168.43146414045208,23.35361222286099
BOYACA,TASCO,9.37,,,,100.09519406999819,
BOYACA,TENZA,,,,,149.16810281914323,
BOYACA,TIBANA,,,,,192.2827422003284,
BOYACA,TIBASOSA,109.7,,,,93.36979052895637,
BOYACA,TOCA,,7.391355301613541,,,114.64959520559005,
BOYACA,TOPAGA,6.0,,,,,
BOYACA,TUNJA,,8.761623104301025,,,104.50339505124285,18.518069662044407
BOYACA,TURMEQUE,,,,,128.24410219630198,
BOYACA,TUTA,0.00128,,,,107.7308212812092,
BOYACA,TUTAZA,,,,,143.93377569220314,
BOYACA,UMBITA,,,,,170.17516374749133,
BOYACA,VENTAQUEMADA,,,,,157.11213538740293,
BOYACA,VILLA DE LEIVA,,10.797981933203198,,,74.4204943802729,
BOYACA,ZETAQUIRA,,,,,178.9713372348543,
CALDAS,AGUADAS,,,,,155.48147712473812,
CALDAS,CHINCHINA,135.007,,,,,
CALDAS,LA DORADA,484.7,,,,99.74829543643273,
CALDAS,LA MERCED,0.002,,,,,
CALDAS,MANIZALES,10.067070000000001,,,,182.2598531166819,
CALDAS,MANZANARES,,,,,202.43276986081787,
CALDAS,MARQUETALIA,,,,,174.20713126406372,
CALDAS,MARULANDA,,,,,205.87733074860654,
CALDAS,NEIRA,,,,,190.07753945952027,
CALDAS,NORCASIA,,,,,160.8250845945874,
CALDAS,PACORA,,,,,211.4937803320562,
CALDAS,PALESTINA,,,,,136.85226770851028,
CALDAS,PENSILVANIA,,,,,205.81039595116465,
CALDAS,RIOSUCIO,,,,,185.61871653800904,
CALDAS,SALAMINA,,5.958175532817623,2690.0,11.931455286948582,167.24676792556104,16.91277059171523
CALDAS,SAMANA,,16.821453264090476,1532.0,19.656415225297494,236.17253231442888,22.096611705339885
CALDAS,VICTORIA,120.0,,,,188.24572106237133,
CALDAS,VILLAMARIA,,,,,170.57532234867787,
CALDAS,VITERBO,8.105599999999999,,,,,
CAQUETA,BELEN DE LOS ANDAQUIES,,,300.0,25.38087294812401,195.03166666666667,30.62639910693081
CAQUETA,CARTAGENA DEL CHAIRA,0.71,,,,142.10000000000002,
CAQUETA,EL DONCELLO,89.9,21.252297338776895,270.0,25.758813717007044,180.11072713974943,
CAQUETA,FLORENCIA,,21.64199691963661,244.0,26.09683070368072,216.7530040735127,30.84266961434733
CAQUETA,MILAN,,,,,169.06877462691224,
CAQUETA,SAN JOSE DEL FRAGUA,,21.173994519079457,320.0,25.28593230759307,225.08017378215658,30.534044213267702
CAQUETA,SAN VICENTE DEL CAGUAN,,22.048672893739482,240.0,25.91866266179677,173.14155942751435,
CAQUETA,SOLANO,,,,,205.77441040611149,
CAQUETA,VALPARAISO,,22.28601804018899,270.0,26.222118240451096,186.90549657699293,
CASANARE,AGUAZUL,9.9,,,,142.75254114731763,
CASANARE,CHAMEZA,,,,,213.44603276932548,
CASANARE,HATO COROZAL,0.36362,,,,173.64708322857587,
CASANARE,MANI,0.05,,,,102.8657700967033,
CASANARE,MONTERREY,0.06,,,,,
CASANARE,OROCUE,0.35,22.335536567415943,,,104.42288117666989,32.11091745646479
CASANARE,PAZ DE ARIPORO,65.05,,,,122.91869868637107,
CASANARE,PORE,,,,,110.29637676909844,
CASANARE,SABANALARGA,80.0,,,,159.076484214041,
CASANARE,SACAMA,,,,,187.3239657190657,
CASANARE,SAN LUIS DE PALENQUE,,,,,84.17720800644649,
CASANARE,TAMARA,,,,,113.38520204800095,
CASANARE,TAURAMENA,19.89,,,,100.28644875872136,
CASANARE,VILLANUEVA,,21.63013891635886,,,155.39999999999998,
CASANARE,YOPAL,2.04578,,,,134.70000000000002,
CAUCA,BALBOA,,,,,140.51815491979286,
CAUCA,BOLIVAR,99.8,13.165577512186369,,,132.76791993291346,26.352911199054386
CAUCA,BUENOS AIRES,,,,,139.98879113740887,
CAUCA,CAJIBIO,0.27,14.006102854819794,,,205.5608914887794,
CAUCA,CALDONO,,,,,157.93078544061302,
CAUCA,CALOTO,1.5339999999999998,,,,85.0529322888159,
CAUCA,CORINTO,,,,,88.37741123882503,
CAUCA,EL TAMBO,,,,,232.82277705266208,
CAUCA,INZA,,12.068992946213557,2085.0,15.83780164317716,200.47575738916254,
CAUCA,LA SIERRA,,14.947594244565932,,,172.95574126742804,22.405992601984593
CAUCA,LA VEGA,,,,,119.02058651886557,
CAUCA,LOPEZ,,,,,309.6214514155967,
CAUCA,MERCADERES,9.9,,,,,
CAUCA,MIRANDA,,17.96708523411054,,,167.23802655254198,
CAUCA,MORALES,,,,,184.82834063127166,
CAUCA,PAEZ,,,,,154.02053666746195,
CAUCA,PATIA,,,,,96.88474761463677,
CAUCA,PIENDAMO,,14.483629882396523,,,152.89610700602083,23.999286285800107
CAUCA,POPAYAN,0.16306,13.823520576489011,1752.0,19.556492884628003,161.97145031844593,25.284680354719626
CAUCA,PUERTO TEJADA,19.44404,,,,111.77255483374687,
CAUCA,PURACE,,,,,159.14682334428025,
CAUCA,ROSAS,,,,,149.0356904573165,
CAUCA,SAN SEBASTIAN,,6.138539712041621,,,125.74494409273511,
CAUCA,SANTA ROSA,,,,,247.1076884330823,
CAUCA,SANTANDER DE QUILICHAO,0.03696,,,,141.75096681954588,
CAUCA,SILVIA,,,,,115.62108704154583,
CAUCA,SOTARA,,,,,130.19187641163646,
CAUCA,SUAREZ,,,,,156.4812027914614,
CAUCA,TIMBIO,,,,,162.0568369728655,
CAUCA,TIMBIQUI,,,,,254.12527115832418,
CAUCA,TORIBIO,,,,,142.89339362352374,
CAUCA,TOTORO,,6.426032973216208,,,177.88886612604125,
CAUCA,VILLA RICA,0.135,,,,135.46337971089258,
CESAR,AGUACHICA,304.9,,,,92.60294091836064,
CESAR,AGUSTIN CODAZZI,,22.407056472987495,,,66.57702084473635,34.49399917779004
CESAR,ASTREA,,,,,59.21079684364166,
CESAR,BECERRIL,99.0,,,,,
CESAR,BOSCONIA,16.0,,,,76.92966300249346,
CESAR,CHIMICHAGUA,,,,,76.86969896004376,
CESAR,CHIRIGUANA,349.68,22.315999808941466,,,95.23057648430988,33.862680493635
CESAR,CURUMANI,,,,,102.54841064586753,
CESAR,EL COPEY,1379.6,,,,,
CESAR,EL PASO,1017.1030000000001,,,,65.9177757252326,
CESAR,GAMARRA,5.0,,,,95.50589738427631,
CESAR,LA GLORIA,99.98,,,,114.9031365894916,
CESAR,LA JAGUA DE IBIRICO,,,,,93.83824598570823,
CESAR,LA PAZ,9.99,,,,,
CESAR,MANAURE BALCON DEL CESAR,,,,,137.90382622728043,
CESAR,PAILITAS,,,,,92.0236305839754,
CESAR,PELAYA,,,,,71.88713054187191,
CESAR,PUEBLO BELLO,,,,,111.11630747126438,
CESAR,RIO DE ORO,378.5,,,,85.34756006138085,
CESAR,SAN ALBERTO,,,,,117.53604383324209,
CESAR,SAN DIEGO,,20.552529974619155,,,113.685918120663,32.702747841811366
CESAR,SAN MARTIN,39.8,,,,105.56424165197191,
CESAR,TAMALAMEQUE,,,,,94.74865831964969,
CESAR,VALLEDUPAR,808.172,23.98298497618204,,,72.5989868527012,34.83937583699594
CHOCO,ACANDI,0.95,,,,150.48114699526266,
CHOCO,ALTO BAUDO,,,,,205.3803197566515,
CHOCO,BAHIA SOLANO,,21.915709229591503,,,246.6500421966504,
CHOCO,BOJAYA,,,,,243.11042966611933,
CHOCO,CERTEGUI,,,,,232.19381371076773,
CHOCO,EL CARMEN,,,,,213.47752090555252,
CHOCO,EL LITORAL DEL SAN JUAN,,,,,240.29174369349857,
CHOCO,ISTMINA,,,,,245.97414249224593,
CHOCO,LLORO,,,,,275.63877698821204,
CHOCO,MEDIO ATRATO,,,,,195.60097001723338,
CHOCO,MEDIO SAN JUAN,,22.597346615234542,,,296.18121394283696,
CHOCO,NOVITA,,18.398854882477682,,,263.79865686236076,
CHOCO,QUIBDO,1.0,23.401697333312047,75.0,26.822152267175493,286.9032895457033,30.636525831333916
CHOCO,RIO QUITO,,,,,243.83371603651776,
CHOCO,RIOSUCIO,,,,,121.60437474497499,
CHOCO,SAN JOSE DEL PALMAR,,,,,222.13120941396204,
CHOCO,UNGUIA,0.8625,,,,122.36938824103784,
CORDOBA,AYAPEL,19.8,,,,129.47662051247252,
CORDOBA,BUENAVISTA,19.8,,,,104.78651441657387,
CORDOBA,CANALETE,,,,,85.71707062223314,
CORDOBA,CERETE,0.46,,,,71.51144096758797,
CORDOBA,CHIMA,,23.151907278763286,,,80.23209629309069,32.86160301045397
CORDOBA,CHINU,1028.2,,,,81.741452315942,
CORDOBA,CIENAGA DE ORO,204.8,23.559226323156043,,,60.60649356869183,33.537099501368154
CORDOBA,COTORRA,2.5,,,,,
CORDOBA,LA APARTADA,9.9,,,,92.50487422066196,
CORDOBA,LORICA,,24.40693319382378,,,91.14528105531673,
CORDOBA,MOMIL,4.8,,,,76.21047895079553,
CORDOBA,MONTELIBANO,603.6,,,,116.32587778828966,
CORDOBA,MONTERIA,170.21374,23.2483175170788,20.0,28.077067919230426,94.87206788288486,33.34104751707933
CORDOBA,PLANETA RICA,49.599999999999994,22.67153004396179,,,98.01568009598627,
CORDOBA,PUEBLO NUEVO,198.9,,,,72.98165001038068,
CORDOBA,PUERTO ESCONDIDO,,24.547754700219247,,,72.16859184291656,31.142395300772858
CORDOBA,PUERTO LIBERTADOR,9.9,,,,89.04545370019507,
CORDOBA,SAHAGUN,1219.96,23.514560247080535,,,105.9731231993297,32.30577048846282
CORDOBA,SAN ANDRES DE SOTAVENTO,99.0,,,,58.9455231709542,
CORDOBA,SAN ANTERO,,,,,68.09500547345375,
CORDOBA,SAN BERNARDO DEL VIENTO,18.5,22.38076741412594,,,57.936809900206924,
CORDOBA,SAN CARLOS,1.98,,,,69.29775281694127,
CORDOBA,SAN PELAYO,5.0,,,,68.32371151019089,
CORDOBA,TIERRALTA,24.498,,,,84.82992107999452,
CORDOBA,VALENCIA,,,,,80.71068787928428,
CUNDINAMARCA,AGUA DE DIOS,9.9,,,,,
CUNDINAMARCA,ANAPOIMA,0.004399999999999999,19.972519057556216,810.0,25.458106563393994,113.68570269619275,30.331111950695643
CUNDINAMARCA,ANOLAIMA,,13.42418198926353,1915.0,17.266725143961708,133.51303655374852,21.166716536069345
CUNDINAMARCA,APULO,19.8,,,,,
CUNDINAMARCA,BELTRAN,250.0,,,,,
CUNDINAMARCA,BOGOTA,,8.33274830985698,2547.0,13.928266405299778,198.2003597275436,19.423501945980462
CUNDINAMARCA,BOJACA,0.18,6.837583306868734,,,113.1649797047695,
CUNDINAMARCA,CABRERA,,,,,155.38266427963268,
CUNDINAMARCA,CAJICA,0.0565,,,,,
CUNDINAMARCA,CAPARRAPI,,,,,120.19187463453272,
CUNDINAMARCA,CAQUEZA,,,,,136.10944571440507,
CUNDINAMARCA,CHAGUANI,300.0,,,,114.43766450245047,
CUNDINAMARCA,CHIA,0.5724,7.9718968773484775,,,,
CUNDINAMARCA,CHOACHI,0.000113,5.005386400409873,3195.0,8.489739836221531,144.9923821816525,
CUNDINAMARCA,CHOCONTA,9.9,,,,176.58598723489922,17.28451630227602
CUNDINAMARCA,COGUA,0.3,,,,,
CUNDINAMARCA,COTA,21.8174,,,,,
CUNDINAMARCA,CUCUNUBA,9.9,,,,96.66076709915038,
CUNDINAMARCA,EL PENON,,,,,159.5928596515234,
CUNDINAMARCA,FACATATIVA,0.097,,,,111.99547347754341,
CUNDINAMARCA,FOMEQUE,,,,,182.26898268415985,
CUNDINAMARCA,FUNZA,2.287,,,,,
CUNDINAMARCA,FUQUENE,,9.451169748129542,2580.0,14.607323259557937,128.71404006945622,21.373927924464805
CUNDINAMARCA,FUSAGASUGA,0.072,,,,165.30669243751143,
CUNDINAMARCA,GACHALA,,,,,199.7168686343676,
CUNDINAMARCA,GACHANCIPA,,,,,134.45650168048408,
CUNDINAMARCA,GACHETA,,,,,181.8318720577847,
CUNDINAMARCA,GIRARDOT,70.86044,,,,,
CUNDINAMARCA,GUACHETA,9.9,,,,108.37586282392465,
CUNDINAMARCA,GUADUAS,309.9,,,,86.82650839262907,
CUNDINAMARCA,GUASCA,,7.475275670241857,2750.0,13.275782437233076,138.32884261220659,
CUNDINAMARCA,GUATAVITA,,,,,216.9788505747126,
CUNDINAMARCA,GUAYABETAL,,,,,221.17135690677105,
CUNDINAMARCA,GUTIERREZ,,,,,176.75220519369944,
CUNDINAMARCA,JERUSALEN,,,,,84.68745542595424,34.98347565039733
CUNDINAMARCA,JUNIN,,,,,200.9721547078235,
CUNDINAMARCA,LA CALERA,35.18,,,,,
CUNDINAMARCA,LA MESA,9.9,,,,,
CUNDINAMARCA,LA PALMA,,,,,166.10222241621116,
CUNDINAMARCA,LA VEGA,0.028700000000000003,,,,,
CUNDINAMARCA,LENGUAZAQUE,,,,,107.82805774703415,
CUNDINAMARCA,MACHETA,,,,,169.2669056610401,
CUNDINAMARCA,MADRID,5.355,6.664865442831516,,,107.1933533518034,
CUNDINAMARCA,MANTA,,,,,195.60316983014616,
CUNDINAMARCA,MEDINA,,,,,221.8833621531724,
CUNDINAMARCA,MOSQUERA,0.17608000000000001,7.074813687212533,2543.0,13.46814158486444,112.36386230749713,19.846356491180405
CUNDINAMARCA,NARINO,,,,,77.08292112564406,
CUNDINAMARCA,NARI¥O,100.0,,,,,
CUNDINAMARCA,NEMOCON,,6.877165762519053,,,,
CUNDINAMARCA,NILO,,,,,84.73487853920798,
CUNDINAMARCA,NOCAIMA,,,,,137.15664189456996,
CUNDINAMARCA,PACHO,0.012,13.324261810518122,20.0,16.711614584838145,149.31301016356724,21.72697206524199
CUNDINAMARCA,PAIME,,,,,148.29799740010947,
CUNDINAMARCA,PANDI,,19.986067552907087,950.0,24.10612224905164,137.7554102917058,28.806868553075052
CUNDINAMARCA,PARATEBUENO,9.9,21.776539689256655,,,189.79325499698632,30.955325051855073
CUNDINAMARCA,PASCA,,11.224969963951397,2256.0,15.91830045555735,134.29669552962332,
CUNDINAMARCA,PUERTO SALGAR,21.206799999999998,,,,109.58838259441706,
CUNDINAMARCA,QUEBRADANEGRA,0.0032,,,,,
CUNDINAMARCA,RICAURTE,0.012,,,,,
CUNDINAMARCA,SAN BERNARDO,,,,,132.66376701017305,
CUNDINAMARCA,SAN FRANCISCO,0.001,,,,,
CUNDINAMARCA,SAN JUAN DE RIOSECO,,,,,107.5586514778325,
CUNDINAMARCA,SASAIMA,0.018,,,,157.1503459600249,
CUNDINAMARCA,SESQUILE,3.5,,,,,
CUNDINAMARCA,SIBATE,,,,,156.47693508811324,
CUNDINAMARCA,SIMIJACA,9.9,,,,112.41914246063149,
CUNDINAMARCA,SOACHA,300.0,7.53060525614882,,,,16.827044104573197
CUNDINAMARCA,SOPO,5.99,6.999850564720155,,,139.72613939555933,
CUNDINAMARCA,SUBACHOQUE,,6.982197382681098,,,,
CUNDINAMARCA,SUESCA,4.22,,,,143.6464938727726,
CUNDINAMARCA,SUPATA,,,,,146.04247230243664,
CUNDINAMARCA,SUSA,,,,,121.3508259069471,
CUNDINAMARCA,TABIO,,,,,128.47223960448628,
CUNDINAMARCA,TAUSA,,,,,135.3569800745232,
CUNDINAMARCA,TENJO,21.389999999999997,7.392538797150695,2560.0,13.93476445532589,115.72858034652624,19.713833665645044
CUNDINAMARCA,TIBACUY,,,,,126.38692460317458,
CUNDINAMARCA,TOCAIMA,,,,,84.1538885967016,
CUNDINAMARCA,TOCANCIPA,8.1061,,,,,
CUNDINAMARCA,UBALA,,,,,207.66745806306844,
CUNDINAMARCA,UBAQUE,,6.984616849777795,2980.0,11.2574708679821,174.38019864883438,13.825695918738448
CUNDINAMARCA,UBATE,28.0,,,,,
CUNDINAMARCA,UTICA,,,,,93.66925596679859,
CUNDINAMARCA,VENECIA,,,,,198.0732474868851,
CUNDINAMARCA,VILLAPINZON,,,,,130.68489326765186,
CUNDINAMARCA,VIOTA,,,,,116.82414545703337,
CUNDINAMARCA,YACOPI,,17.649859849533687,1347.0,21.397693011545513,205.25496098029643,25.355713849157894
CUNDINAMARCA,ZIPAQUIRA,,7.222648903408202,,,125.89061640783159,
GUAINIA,BARRANCO MINA,,,,,165.7241153635905,
GUAINIA,INIRIDA,12.270000000000001,22.68699363137034,,,151.27712338859956,31.85439310338752
GUAVIARE,EL RETORNO,,21.582176069452775,,,186.44329519961374,31.350455009730904
GUAVIARE,MIRAFLORES,0.348,,,,,
GUAVIARE,SAN JOSE DEL GUAVIARE,0.598,,,,,
HUILA,ACEVEDO,,,,,153.55547511958306,
HUILA,AGRADO,,,,,136.4130567037226,
HUILA,AIPE,102.9,,,,73.16859871981997,
HUILA,ALGECIRAS,,,,,133.08610916200985,
HUILA,ALTAMIRA,279.73,,,,116.15446713478424,25.546513181628058
HUILA,BARAYA,,,,,116.45580996892082,
HUILA,CAMPOALEGRE,100.0,,,,114.93281993410093,
HUILA,COLOMBIA,,16.463435934950212,1410.0,20.07952879685944,164.72315080532167,
HUILA,ELIAS,,,,,151.10271620142308,
HUILA,GARZON,9.9,16.174489198113488,1270.0,20.505164819608698,167.91095108860912,
HUILA,GIGANTE,9.9,,,,112.93635057471265,
HUILA,HOBO,79.9,,,,95.79854132457581,
HUILA,IQUIRA,,,,,166.47736794206222,
HUILA,ISNOS,,,,,201.70066285720375,
HUILA,LA ARGENTINA,,,,,148.2520420543696,
HUILA,LA PLATA,,17.812171803383908,1070.0,22.68368418067698,161.45022557794886,
HUILA,NATAGA,,,,,164.94295977011492,
HUILA,NEIVA,331.85338,22.745727503581936,439.0,28.05821050673424,97.26567323481116,33.1327468992641
HUILA,OPORAPA,,,,,180.3256499726327,
HUILA,PAICOL,19.8,,,,,
HUILA,PALERMO,59.9527,,,,155.57195018769926,
HUILA,PALESTINA,,,,,199.24395655210162,
HUILA,PITAL,,,,,87.81335200124803,
HUILA,PITALITO,,15.811691567583443,1320.0,20.49004715979559,180.58259692574347,26.175841122418337
HUILA,RIVERA,9.9,,,,93.95359560944479,
HUILA,SALADOBLANCO,,,,,201.92869906385067,
HUILA,SAN AGUSTIN,,13.911014844581045,1800.0,18.638790170977583,186.68213098226477,23.555581972564113
HUILA,SANTA MARIA,,,,,150.96875460448447,
HUILA,SUAZA,,17.293179007888334,1045.0,22.68299010242804,154.6564625950212,27.825982112199085
HUILA,TARQUI,,,,,105.26786954927162,
HUILA,TELLO,,,,,84.41735757617222,
HUILA,TERUEL,,,,,142.33973811044214,
HUILA,TESALIA,,,,,96.85688149972633,
HUILA,VILLAVIEJA,220.1,22.993386301127174,440.0,28.94843618102723,74.11567866107995,33.60222852340695
HUILA,YAGUARA,21.3,,,,105.52784770586791,
LA GUAJIRA,ALBANIA,750.0,24.51290066218552,,,29.163323518864537,33.68455758810749
LA GUAJIRA,BARRANCAS,,,,,53.403693165732406,
LA GUAJIRA,DIBULLA,,,,,68.79636243386243,
LA GUAJIRA,DISTRACCION,,,,,82.19772309042524,
LA GUAJIRA,EL MOLINO,349.25,,,,,
LA GUAJIRA,FONSECA,,,,,49.26292674065265,
LA GUAJIRA,HATO NUEVO,,,,,52.624652199762174,
LA GUAJIRA,MAICAO,600.0,22.718185972872732,,,75.50575287624287,
LA GUAJIRA,MANAURE,,,,,30.1836159530125,34.16809951964334
LA GUAJIRA,RIOHACHA,455.817,24.439427232734506,4.0,28.41695974209965,45.16083716793118,33.41686211936792
LA GUAJIRA,SAN JUAN DEL CESAR,843.8,,,,54.27840722495895,
LA GUAJIRA,URIBIA,100.15,25.81360043339066,,,27.09376668212535,33.422110950545594
LA GUAJIRA,URUMITA,,22.251004407752063,255.0,27.833744346533035,92.04863295532141,
LA GUAJIRA,VILLANUEVA,,,,,81.85171564464073,
MAGDALENA,ALGARROBO,,,,,83.61253970593047,
MAGDALENA,ARACATACA,10.176,,,,107.84867679985852,
MAGDALENA,ARIGUANI,,,,,44.381885126226464,
MAGDALENA,CIENAGA,9.9,,,,122.55624991075891,
MAGDALENA,EL BANCO,,23.582146040581534,34.0,28.80401655088723,109.59370732168966,
MAGDALENA,EL PINON,,,,,65.87080436964057,
MAGDALENA,EL RETEN,,,,,56.15333426662737,
MAGDALENA,FUNDACION,219.89,,,,66.14825738916255,
MAGDALENA,NUEVA GRANADA,,,,,58.2860454296661,
MAGDALENA,PIVIJAI,,22.31600455055063,,,60.17692851529058,34.4621418160847
MAGDALENA,PIVIJAY,199.99,,,,,
MAGDALENA,PLATO,19.98,,,,56.11017515051998,
MAGDALENA,PUEBLOVIEJO,,,,,53.099177613574156,
MAGDALENA,REMOLINO,99.9,,,,47.73503968253967,
MAGDALENA,SABANAS DE SAN ANGEL,,,,,66.28817733990147,
MAGDALENA,SALAMINA,19.5,,,,45.00888136288999,
MAGDALENA,SAN SEBASTIAN DE BUENAVISTA,,23.082081962700197,,,68.89136278069194,34.536322199976055
MAGDALENA,SAN ZENON,,,,,66.52024083196494,
MAGDALENA,SANTA ANA,,,,,69.5279944746428,
MAGDALENA,SANTA BARBARA DE PINTO,,,,,64.34996036464526,
MAGDALENA,SANTA MARTA,0.078,24.430439428507096,4.0,28.566050661490024,50.407454159824844,33.152230998750746
MAGDALENA,SITIONUEVO,99.0,,,,50.652147839389215,
MAGDALENA,ZONA BANANERA,31.9,22.662696156360827,,,63.49303092501368,
META,ACACIAS,14.715,,,,195.6661365943524,
META,BARRANCA DE UPIA,,,,,146.94548069145623,
META,CABUYARO,,,,,123.06434784113142,
META,CASTILLA LA NUEVA,150.7,,,,103.96827438481716,
META,CUBARRAL,,,,,208.96192870826494,
META,CUMARAL,,21.55855862542633,305.0,25.846809177050208,181.31166248555616,31.12872022274065
META,EL CALVARIO,,,,,221.59263367676715,
META,EL CASTILLO,,,,,148.73268320341742,
META,EL DORADO,,,,,176.44986572118907,
META,FUENTE DE ORO,19.8,,,,150.3862179954996,
META,GRANADA,,,,,161.07169540229884,
META,GUAMAL,,,,,224.77858945059944,
META,LA MACARENA,,21.94587225512855,,,169.1618209928971,31.072939306773545
META,LEJANIAS,,,,,204.7709166982443,
META,MAPIRIPAN,,,,,139.99954419463037,
META,MESETAS,,19.449351614685998,,,199.4251012285032,29.36560068373988
META,PUERTO GAITAN,255.6668,,,,111.29685340532545,
META,PUERTO LLERAS,,,,,128.7464286972551,
META,PUERTO LOPEZ,37.703540000000004,,,,109.50311631222304,
META,PUERTO RICO,,,,,138.19216957955067,
META,RESTREPO,0.008,,,,260.6065276783668,
META,SAN CARLOS DE GUAROA,9.9,,,,,
META,SAN JUAN DE ARAMA,27.835700000000003,,,,183.49257406705684,
META,SAN MARTIN,9.9,,,,176.827350599592,
META,URIBE,,,,,172.8883018627891,
META,VILLAVICENCIO,760.54792,21.189596809506156,,,210.31072847809915,31.164240990832198
META,VISTAHERMOSA,,,,,144.07846914152393,
NAN,NAN,,,,,,
NARINO,ALDANA,,5.997929521255553,,,139.02418681201726,16.178908055047568
NARINO,ARBOLEDA,,,,,137.74326449049693,
NARINO,BARBACOAS,,,,,284.635188230615,
NARINO,BUESACO,,,,,95.38302286687346,
NARINO,CHACHAGUI,,14.720713670227738,1796.0,19.206748332819213,123.72255810866443,24.2468894375359
NARINO,COLON,,,,,110.62059934318555,
NARINO,CONSACA,,15.636016016050924,,,131.70294906961772,25.80174864278327
NARINO,CUMBAL,,,,,147.1760734466353,
NARINO,CUMBITARA,,,,,151.61476122058016,
NARINO,EL CHARCO,,,,,183.45172862518194,
NARINO,EL PENOL,,,,,119.29100506294472,
NARINO,EL ROSARIO,,,,,113.08790432780327,
NARINO,EL TABLON,,,,,126.85074916950461,
NARINO,FRANCISCO PIZARRO,,,,,146.23370717254622,
NARINO,GUALMATAN,,,,,147.59762224046705,
NARINO,ILES,15.5,,,,,
NARINO,IMUES,,,,,124.1529761904762,
NARINO,LA CRUZ,,,,,120.52275117071092,
NARINO,LA LLANADA,,,,,193.707228096748,
NARINO,LA UNION,,,,,145.21496305418717,
NARINO,LEIVA,,,,,101.55798516762823,
NARINO,LINARES,,,,,132.69056414583716,
NARINO,MAGUI,,,,,274.6570786827257,
NARINO,MOSQUERA,,,,,140.21604179809606,
NARINO,NARINO,,,,,133.38609800922276,
NARINO,PASTO,,8.998989729827011,2820.0,12.629821071075531,153.67284818255686,17.344049257510527
NARINO,POLICARPA,,,,,65.84269560096833,
NARINO,POTOSI,,,,,137.2330805776014,
NARINO,PUERRES,,,1776.0,17.04141568712219,272.37834471781065,
NARINO,ROBERTO PAYAN,,,,,196.0916039302169,
NARINO,SAMANIEGO,,14.48553958183922,,,133.756692665572,26.010799577060492
NARINO,SAN BERNARDO,,11.362270167490406,2190.0,16.025910939678305,162.80584026710068,22.025140781043387
NARINO,SANDONA,,,,,141.3567811367842,
NARINO,SANTA CRUZ,,,,,277.9788283059407,
NARINO,TAMINANGO,4.9,14.753472289672205,,,143.95638086249332,23.259919886059944
NARINO,TANGUA,,9.609319282189887,,,139.07496828647342,17.6354781222686
NARINO,TUMACO,,,,,173.84360952304525,
NARINO,TUQUERRES,,7.29308547736063,,,141.43161022822832,16.006559023887146
NORTE DE SANTANDER,ABREGO,9.5,,,,111.23538659152071,27.521497531144803
NORTE DE SANTANDER,ARBOLEDAS,,,,,106.0842324458519,
NORTE DE SANTANDER,BOCHALEMA,,,,,80.43321655059168,
NORTE DE SANTANDER,CACHIRA,,12.552296847867884,1882.0,17.32538466261826,121.19838919432128,22.483687565190237
NORTE DE SANTANDER,CACOTA,,,,,101.96650423248965,
NORTE DE SANTANDER,CHINACOTA,,,,,123.92994321291737,
NORTE DE SANTANDER,CHITAGA,,,,,116.26863566563277,
NORTE DE SANTANDER,CONVENCION,,18.13594461936506,176.0,22.01000600205722,139.876451833607,26.35292348272942
NORTE DE SANTANDER,CUCUTA,120.80794,22.90355725867758,250.0,27.356849944897615,89.3650368616058,32.65038459878897
NORTE DE SANTANDER,CUCUTILLA,,,,,124.12680623973726,
NORTE DE SANTANDER,DURANIA,0.002,,,,,
NORTE DE SANTANDER,GRAMALOTE,,,,,123.92710317460315,
NORTE DE SANTANDER,LA ESPERANZA,59.9,,,,118.27806470805238,
NORTE DE SANTANDER,LA PLAYA,,15.207078454855283,1500.0,20.153979024756563,88.8172805655375,25.626274804666327
NORTE DE SANTANDER,LABATECA,,,,,104.31773307790546,
NORTE DE SANTANDER,LOS PATIOS,6.113,,,,,
NORTE DE SANTANDER,LOURDES,,,,,104.36250889436235,
NORTE DE SANTANDER,MUTISCUA,,,,,146.82744040541303,
NORTE DE SANTANDER,OCANA,,,,,96.46279934451873,
NORTE DE SANTANDER,OCA¥A,235.015,,,,,
NORTE DE SANTANDER,PAMPLONA,,10.294536873194874,2340.0,15.41312541756817,123.07649268528482,19.62281320074516
NORTE DE SANTANDER,PUERTO SANTANDER,,,,,102.95855911330048,
NORTE DE SANTANDER,RAGONVALIA,,13.168880747485387,,,166.7624820592349,22.081454407848636
NORTE DE SANTANDER,SALAZAR,,,860.0,23.126249756695714,143.64924086499443,27.949548687625114
NORTE DE SANTANDER,SAN CAYETANO,104.27000000000001,,,,75.68961828424266,
NORTE DE SANTANDER,SANTIAGO,,,,,59.20535535095264,
NORTE DE SANTANDER,SARDINATA,0.202,,,,128.09586001642037,
NORTE DE SANTANDER,SILOS,,,,,103.53951484438403,
NORTE DE SANTANDER,TEORAMA,,,1160.0,21.872370095474718,136.5908866995074,
NORTE DE SANTANDER,TIBU,,,,,121.36244184455389,
NORTE DE SANTANDER,TOLEDO,,20.59685899351889,370.0,24.61848690554184,236.76635878489327,29.535269733410825
NORTE DE SANTANDER,VILLA CARO,,,,,68.24635532263302,
NORTE DE SANTANDER,VILLA DEL ROSARIO,,,,,86.69669334975369,
PUTUMAYO,COLON,,11.542086205434854,,,225.3309048185267,20.56439336589128
PUTUMAYO,MOCOA,,,,,247.24381080038188,
PUTUMAYO,ORITO,,,,,195.3912348663359,
PUTUMAYO,PUERTO ASIS,,,,,167.31842111830417,
PUTUMAYO,PUERTO CAICEDO,,,,,209.36657058238805,
PUTUMAYO,PUERTO GUZMAN,,,,,219.22435915522018,
PUTUMAYO,PUERTO LEGUIZAMO,12.68,,153.0,26.02464805470288,195.95261400546622,30.796204926582277
PUTUMAYO,SAN FRANCISCO,,,,,259.23391876482384,
PUTUMAYO,SAN MIGUEL,0.567,,,,163.354620605978,
PUTUMAYO,SANTIAGO,,,,,216.36967322056924,
PUTUMAYO,VALLE DEL GUAMUEZ,,,,,197.2546426337201,
PUTUMAYO,VILLAGARZON,0.0025,20.81108253763532,,,,
QUINDIO,ARMENIA,0.13948,17.089348386147872,,,161.13600288292355,27.8331185576664
QUINDIO,PIJAO,,,,,169.90662972085386,
QUINDIO,SALENTO,,,,,120.73108956069765,
RISARALDA,APIA,,,,,187.1303316119203,
RISARALDA,BALBOA,279.0,,,,,
RISARALDA,BELEN DE UMBRIA,,,,,150.9902239230177,
RISARALDA,DOSQUEBRADAS,0.4012,,,,,
RISARALDA,GUATICA,,,,,155.87414000697046,
RISARALDA,LA VIRGINIA,200.0,,,,145.58058976464147,
RISARALDA,MARSELLA,,,,,161.07286398935247,
RISARALDA,MISTRATO,,,,,181.05205682850053,
RISARALDA,PEREIRA,36.33513,17.696718486065848,,,184.40271460499906,26.68840486587517
RISARALDA,PUEBLO RICO,0.41100000000000003,,,,,
RISARALDA,QUINCHIA,,,,,127.44855055709692,
RISARALDA,SANTA ROSA DE CABAL,,,,,217.01975796150813,
"SANTAFE DE BOGOTA D.C.,""BOGOTA, D.C."",56.60531,,,,,"
SANTANDER,ALBANIA,,14.780497912169698,,,195.24056564572754,
SANTANDER,BARBOSA,19.83162,,,,,
SANTANDER,BARICHARA,,,,,107.64803981937601,
SANTANDER,BARRANCABERMEJA,804.6063,23.523159443163333,126.0,28.10969605702023,153.2158665672637,33.03965269648403
SANTANDER,BETULIA,458.6,,,,,
SANTANDER,BOLIVAR,,,,,200.88086001642034,
SANTANDER,BUCARAMANGA,0.8201499999999999,,,,123.23138113482939,
SANTANDER,CABRERA,100.0,,,,88.54720927163969,
SANTANDER,CAPITANEJO,,18.208181938933972,,,115.53479531425792,33.53649835632514
SANTANDER,CARCASI,,,,,173.62637794198142,
SANTANDER,CEPITA,,,,,74.68532749498264,
SANTANDER,CERRITO,,,,,144.91162994891442,
SANTANDER,CHARALA,,16.381189670411885,1350.0,21.946612385430488,210.10406586389342,28.867942151300852
SANTANDER,CHIMA,,18.202712034211576,190.0,23.98923132411339,195.35149378102406,
SANTANDER,CIMITARRA,1599.9,22.43088476305309,,,169.94945644204975,32.13176644431423
SANTANDER,CONCEPCION,,,,,199.4566183964668,
SANTANDER,CONFINES,,,,,198.72747331691298,
SANTANDER,CONTRATACION,,,,,210.51450918743325,
SANTANDER,COROMORO,,,,,202.8295874384236,
SANTANDER,CURITI,,,,,151.22943418171866,
SANTANDER,EL CARMEN,,,,,201.66900337155164,27.825240185504356
SANTANDER,EL PLAYON,,,,,159.33167077175696,
SANTANDER,ENCINO,,,,,206.8847497457083,
SANTANDER,FLORIDABLANCA,9.93,,,,169.21604064039408,
SANTANDER,GAMBITA,,12.865116671813935,1900.0,18.135324011494006,210.2593384424836,23.52776147272355
SANTANDER,GIRON,399.84598000000005,19.538728813606742,,,74.03336631440078,
SANTANDER,GUACA,,,,,162.75749178981937,
SANTANDER,GUADALUPE,,15.823912367117293,1400.0,21.414142402156852,214.3462806422535,
SANTANDER,GUAVATA,,,,,165.66936545684462,
SANTANDER,JESUS MARIA,,,,,198.4246743295019,
SANTANDER,LANDAZURI,,,,,204.62744486547936,
SANTANDER,LEBRIJA,0.3564,18.675569517323762,,,121.88627199380215,25.755027251106185
SANTANDER,LOS SANTOS,100.6,,,,85.94198481116582,
SANTANDER,MACARAVITA,,,,,124.32483477404702,
SANTANDER,MALAGA,,,,,169.61789862240005,
SANTANDER,MATANZA,,,,,103.1379399288451,
SANTANDER,MOGOTES,,,1673.0,19.212253880028737,206.69319444444443,25.854169557425205
SANTANDER,MOLAGAVITA,,,,,177.34627976190475,
SANTANDER,OIBA,,,,,217.1822249589491,
SANTANDER,ONZAGA,,,,,160.25044129720854,
SANTANDER,PALMAR,,20.07355659795692,940.0,26.221336523989333,151.9815534385243,32.059794961868356
SANTANDER,PIEDECUESTA,1.59584,,,,136.8616789819376,
SANTANDER,PINCHOTE,0.09,,,,137.4597546825735,
SANTANDER,PUERTO PARRA,,,,,152.25020314203735,
SANTANDER,PUERTO WILCHES,59.9,,,,133.71102921625035,
SANTANDER,RIONEGRO,,,,,115.90247508634843,
SANTANDER,SABANA DE TORRES,37.0,23.484248166052634,,,121.07751305208201,33.775053699797596
SANTANDER,SAN ANDRES,,,,,153.15914408866996,
SANTANDER,SAN GIL,,,,,139.50841923147092,
SANTANDER,SAN JOAQUIN,,,,,158.63409301479703,
SANTANDER,SAN VICENTE DE CHUCURI,,,,,101.14823142171387,
SANTANDER,SANTA BARBARA,,,,,149.81032510427872,
SANTANDER,SIMACOTA,,,,,101.50141853676337,
SANTANDER,SUAITA,,,,,239.2266116804761,
SANTANDER,SUCRE,,,,,180.61170000035636,
SANTANDER,SURATA,,13.306986918708171,,,118.1878466266808,
SANTANDER,TONA,,4.659547489153494,3214.0,8.962757010119729,114.90787151067323,13.872619921894612
SANTANDER,VALLE DE SAN JOSE,,,,,174.4872947454844,
SANTANDER,VELEZ,,,,,193.40463217143295,
SANTANDER,VETAS,,,,,122.68745894909686,
SANTANDER,ZAPATOCA,55.2,14.188309059363673,1810.0,18.973656376429542,85.32680002705268,23.601608563638774
SUCRE,BUENAVISTA,,,,,79.11593341260404,
SUCRE,CAIMITO,,,,,91.8844217013004,
SUCRE,CHALAN,,,,,78.54516944114148,
SUCRE,COLOSO,,,,,52.80559318555007,
SUCRE,COROZAL,8.5,,166.0,27.678454149478522,87.28988764699723,
SUCRE,COVENAS,64.9,,,,,
SUCRE,GALERAS,,,,,84.97868363437328,
SUCRE,GUARANDA,,,,,100.71316639299398,
SUCRE,LOS PALMITOS,,,,,53.29894225506293,
SUCRE,MAJAGUAL,,,,,87.59647049343837,
SUCRE,PALMITO,49.6,,,,,
SUCRE,SAMPUES,39.89,,,,94.1419163586855,32.460721886703475
SUCRE,SAN BENITO ABAD,19.99,22.78744763226467,,,68.40421831059017,
SUCRE,SAN JUAN DE BETULIA,,,,,58.199278148966,
SUCRE,SAN MARCOS,19.5,,,,80.54558029093846,
SUCRE,SAN ONOFRE,8.0,,,,55.39860373977397,
SUCRE,SAN PEDRO,,,,,75.43123037050069,
SUCRE,SINCE,79.6,,,,,
SUCRE,SINCELEJO,10.899000000000001,,,,50.06153899993079,
SUCRE,SUCRE,,,,,82.75959600249136,
SUCRE,TOLU,119.89,,,,63.0945802282009,
SUCRE,TOLU VIEJO,,,,,70.74504979907277,
SUCRE,TOLUVIEJO,498.8,,,,,
TOLIMA,ALPUJARRA,,,,,135.0679152983032,
TOLIMA,ALVARADO,109.116,,,,,
TOLIMA,AMBALEMA,6.0,22.893159919087335,,,100.13440895938882,34.507572614440555
TOLIMA,ANZOATEGUI,,,,,168.9402114042869,
TOLIMA,ARMERO,499.89750000000004,21.688522758007505,321.0,28.40581725759638,121.79114903207946,
TOLIMA,ATACO,,20.285528153073116,699.0,26.00550950584758,134.15820952003472,31.522889744893618
TOLIMA,CAJAMARCA,,,,,149.98752466896966,
TOLIMA,CARMEN DE APICALA,0.006,,,,106.16450500580426,
TOLIMA,CHAPARRAL,199.9,18.75532144219035,130.0,23.606727944386392,173.9718861656396,28.847310337942137
TOLIMA,COELLO,19.0,,,,,
TOLIMA,COYAIMA,19.89,,,,93.96981299033021,
TOLIMA,CUNDAY,,,,,112.25497876798411,
TOLIMA,DOLORES,,,,,142.69853653530376,
TOLIMA,ESPINAL,149.7,,432.0,27.41442639694515,95.5929485836531,32.34354676628374
TOLIMA,FLANDES,279.53,23.148961209372747,305.0,28.914028557453715,93.89735814632367,33.72492072632355
TOLIMA,FRESNO,,,,,181.55043849513422,
TOLIMA,GUAMO,18.9,22.636341256417065,,,102.28060288055858,33.214574868814005
TOLIMA,HONDA,529.3,,,,80.46537709223753,
TOLIMA,IBAGUE,579.1827499999999,19.308664583766653,943.0,24.109551962545222,133.45368620333144,29.328879425066294
TOLIMA,LERIDA,9.9,,,,88.77849883626807,
TOLIMA,LIBANO,,,,,163.64632527571737,
TOLIMA,MARIQUITA,40.26,20.448662555294693,788.0,25.05097068287273,168.41597276747044,28.918045871873677
TOLIMA,MELGAR,27.010099999999998,,,,116.10409933536171,
TOLIMA,MURILLO,,,,,155.95337032592778,
TOLIMA,NATAGAIMA,189.4,23.543610405388588,415.0,28.231353056837193,93.77853017078046,34.07811770793891
TOLIMA,ORTEGA,,,,,90.329188408038,
TOLIMA,PIEDRAS,20.0078,,,,79.75577928297753,
TOLIMA,PLANADAS,,,,,177.9010384654942,
TOLIMA,PRADO,50.0,22.41114988007357,321.0,28.080337100867627,129.05920733746882,33.32353897785219
TOLIMA,PURIFICACION,9.9,,,,120.27896877824544,
TOLIMA,RIOBLANCO,,18.355687302756817,1160.0,23.517468088113734,201.88474175824174,28.041607634106715
TOLIMA,RONCESVALLES,,,,,189.92050808749977,
TOLIMA,ROVIRA,3.2,,,,163.1259858239663,
TOLIMA,SALDANA,,,425.0,28.24891914816776,99.52283687168,33.34959447817219
TOLIMA,SALDA¥A,9.9,,,,,
TOLIMA,SAN ANTONIO,,16.919150012666112,1448.0,21.42502933461735,178.73704957685993,
TOLIMA,SAN LUIS,8.999,,,,74.55048348841451,
TOLIMA,SANTA ISABEL,,,,,143.86515676653906,16.352349126032788
TOLIMA,SUAREZ,16.0,,,,99.86914504652434,
TOLIMA,VALLE DE SAN JUAN,,20.85290532156507,591.0,26.32619305042748,80.08368717808371,
TOLIMA,VENADILLO,15.0,,,,77.64927708669978,
TOLIMA,VILLAHERMOSA,,,2069.0,17.195081377165735,181.4769219053652,20.66989107952867
TOLIMA,VILLARRICA,,,,,213.71028562358572,
VALLE DEL CAUCA,ALCALA,5.0,,,,121.97181489877981,
VALLE DEL CAUCA,ANDALUCIA,,,,,128.45090200880432,
VALLE DEL CAUCA,ANSERMANUEVO,180.0,,,,119.18281675859261,
VALLE DEL CAUCA,BOLIVAR,,,,,93.06640120415983,
VALLE DEL CAUCA,BUENAVENTURA,55.01512,,,,278.84311912940626,30.48876380301085
VALLE DEL CAUCA,BUGA,0.42876000000000003,,,,156.45632404366597,
VALLE DEL CAUCA,BUGALAGRANDE,,17.794649938797296,,,134.41107614706604,
VALLE DEL CAUCA,CAICEDONIA,0.098,,,,133.88038469886567,
VALLE DEL CAUCA,CALI,73.631055,,,,111.21118123973727,
VALLE DEL CAUCA,CANDELARIA,,,,,87.51982553366173,
VALLE DEL CAUCA,CARTAGO,110.89216,,,,128.9814021074145,
VALLE DEL CAUCA,DAGUA,,,,,265.80289560907374,
VALLE DEL CAUCA,EL AGUILA,,,,,172.1859351112621,
VALLE DEL CAUCA,EL CERRITO,309.9,,,,112.6550018429689,
VALLE DEL CAUCA,EL DOVIO,9.9,,,,145.16261574600367,
VALLE DEL CAUCA,FLORIDA,,,,,130.6287114216061,
VALLE DEL CAUCA,GINEBRA,4.15,,,,149.08503762999453,
VALLE DEL CAUCA,GUACARI,0.05376,,,,84.2280327993046,
VALLE DEL CAUCA,JAMUNDI,0.35126999999999997,,,,,
VALLE DEL CAUCA,LA CUMBRE,0.028,,,,96.61056781819714,
VALLE DEL CAUCA,LA UNION,,,,,116.32785277578668,
VALLE DEL CAUCA,LA VICTORIA,104.39999999999999,,,,117.46869390859283,
VALLE DEL CAUCA,OBANDO,599.0,,,,125.97397372742199,
VALLE DEL CAUCA,PALMIRA,69.53064,18.908199468751675,,,97.51170468400215,30.07919434036512
VALLE DEL CAUCA,ROLDANILLO,19.8,,,,120.2731774814563,
VALLE DEL CAUCA,SEVILLA,,15.573834777104723,,,186.65336305601812,23.763869887264793
VALLE DEL CAUCA,TORO,,,,,106.67262935228699,
VALLE DEL CAUCA,TULUA,10.37318,8.148058993580948,,,137.59117539872776,29.701273288967244
VALLE DEL CAUCA,VERSALLES,,,,,159.19838259441707,
VALLE DEL CAUCA,VIJES,,,,,97.95616622574957,
VALLE DEL CAUCA,YOTOCO,60.72,,,,84.71911392385816,
VALLE DEL CAUCA,YUMBO,126.55211000000001,,,,,
VALLE DEL CAUCA,ZARZAL,0.105,18.539094672112608,,,103.24547015168855,
VAUPES,CARURU,,,,,220.91687290823486,
VAUPES,MITU,10.8,,,,223.34420932649942,
VICHADA,CUMARIBO,0.375,22.001119398865608,,,146.43978919863181,31.53539892541454
VICHADA,LA PRIMAVERA,0.2437,,,,121.29719106617705,
VICHADA,PUERTO CARRENO,,24.01966534462565,,,125.59822318431115,33.41511986747017
VICHADA,SANTA ROSALIA,1.0,,,,98.73323502716899,
